Time	Class	Clubs Signed Up	Club
9/6/2024 10:47	27	1	TYPT
9/6/2024 10:48	27	3	TYPT
9/6/2024 10:52	28	2	TYPT
9/6/2024 10:56	26	Idk	TYPT
9/6/2024 11:03	27	2	TYPT
9/6/2024 11:18	28	I don�t know	TYPT
9/6/2024 10:51	27		ME
9/6/2024 10:52	26		ME
9/6/2024 10:59	26		ME
9/6/2024 11:00	27	2 to 3	ME
9/6/2024 11:00	27	3	ME
9/6/2024 11:01	26		ME
9/6/2024 11:02	26	I lost count	ME
9/6/2024 11:04	27	2	ME
9/6/2024 11:19	27	4	ME
9/6/2024 11:21	27	3	ME
9/6/2024 10:42	27	2	CST
9/6/2024 10:45	28	3 ish	CST
9/6/2024 10:49	27	Too many	CST
9/6/2024 11:01	28	4	CST
9/6/2024 11:02	27	0	CST
9/6/2024 11:03	27	idk	CST
9/6/2024 11:03	27		CST
9/6/2024 11:03	28	Idk	CST
9/6/2024 11:04	25		CST
9/6/2024 11:04	28	Idk	CST
9/6/2024 11:06	28		CST
9/6/2024 11:06	27		CST
9/6/2024 11:10	28	10	CST
9/6/2024 11:13	28		CST
9/6/2024 11:16	28	I�m not sure	CST
9/6/2024 11:17	28	4	CST
9/6/2024 11:18	26	3	CST
9/6/2024 11:20	28	5	CST
9/6/2024 11:24	27		CST
9/6/2024 11:39	26		CST
9/6/2024 10:45	28		MT
9/6/2024 10:47	28	0	MT
9/6/2024 10:49	27	idk	MT
9/6/2024 10:51	28	2	MT
9/6/2024 10:52	27		MT
9/6/2024 10:54	27	a3	MT
9/6/2024 10:56	26	No idea	MT
9/6/2024 10:57	28	6	MT
9/6/2024 10:57	26	The	MT
9/6/2024 11:01	28	5	MT
9/6/2024 11:02	28	4	MT
9/6/2024 11:02	27	2	MT
9/6/2024 11:02	26	2	MT
9/6/2024 11:05	25		MT
9/6/2024 11:05	27	4	MT
9/6/2024 11:06	26		MT
9/6/2024 11:10	27		MT
9/6/2024 11:12	28	More than 10	MT
9/6/2024 11:14	27	4	MT
9/6/2024 11:14	28	Seven	MT
9/6/2024 11:15	28	6	MT
9/6/2024 11:24	28	Too many	MT
9/6/2024 11:28	27		MT
9/6/2024 11:29	27		MT
9/6/2024 11:31	28	0	MT
9/6/2024 11:43	26		MT
9/6/2024 14:05	28		MT
9/6/2024 21:30	27	7	MT